ID,Apellidos,Nombre,Dirección,Población,Teléfono,Móvil,Email,Observaciones,Sexo,Fecha Nacimiento,Estado Civil,Personas dependientes ,Desempleado,Profesión,Nivel académico,Ingresos mensuales,Ahorros,Peso Kg,Altura,Cabello,Ojos,Fumador,Salud,Afición1,Afición2,Característica1,Característica2,Valora1,Valora2,Fobias,Sexualidad,Disponible
1,AROCAS PASADAS,ESTEFANIA,"PADRÓ , 109",Bogotá ,938350521,###############################################################################################################################################################################################################################################################,africa@altecom.es,,Mujer,20/03/1964,Otros,0,FALSO,Administrativo/a,Bachillerato,"$1,500,000.00",,73,1.62,Castaño,Marrones,VERDADERO,Buena,Cine,TV,Sencillez,Ternura,Buen Humor,Realismo,,Bisexual,FALSO
2,VISO GILABERT,QUERALT,"CASA CORDELLAS , ",Bogotá ,936545115,###############################################################################################################################################################################################################################################################,agata@hotmail.com,,Mujer,13/12/1965,Otros,1,VERDADERO,Delineante,EGB,"$1,100,000.00",113000,98,1.55,Negro,Marrones,FALSO,Regular,Caminar,Música,Sencillez,Sinceridad,Serenidad,Buen Humor,,Heterosexual,VERDADERO
3,AYALA FERRERAS,JOAN,"DOCTOR FLEMING , 11",Medellín  ,936545115,###############################################################################################################################################################################################################################################################,,,Hombre,20/07/1969,Otros,5,FALSO,,Diplomado/a,"$1,500,000.00",,61,1.6,Negro,Otro,VERDADERO,Buena,Música,Cine,Sinceridad,Realismo,Buen Humor,Ternura,,No declarada,FALSO
4,BAEZ TEJADO,JOAN,"BERTRAND I SERRA , 11, 3R.",Bogotá ,938350521,,albatros@wandoo.es,,Hombre,23/07/1965,Separado/a,1,FALSO,Contable,Bachillerato,"$1,900,000.00",,70,1.8,Otros,Marrones,FALSO,Buena,Caminar,Música,Sinceridad,Inteligencia,Ternura,Sinceridad,,Homosexual,VERDADERO
5,BASTARDES SOTO,MARC,"CARRIÓ , 12, 5È A",Cali  ,938350521,,albert@intercom.es,,Hombre,16/10/1964,Soltero/a,2,FALSO,Dependiente/a,Elementales,"$1,100,000.00",,91,1.81,Negro,Azules,FALSO,Regular,Deporte,Deporte,Ternura,Fortaleza,Ternura,Romanticismo,La TV,Heterosexual,FALSO
6,ANGUERA VILAFRANCA,JOSEP,"PIRINEUS , 10",Cali  ,938755645,,alien@intercom.es,,Hombre,16/11/1958,Casado/a,1,FALSO,Estudiante,FP,"$500,000.00",,53,1.57,Negro,Verdes,FALSO,Regular,Cine,Deporte,Buen Humor,Fortaleza,Serenidad,Ternura,,Homosexual,VERDADERO
7,PASCUAL ALOY,ESTHER,"JACINT VERDAGUER , 43",Barranquilla,936520547,,amores@hotmail.com,,Mujer,20/03/1967,Divorciado/a,0,FALSO,,Diplomado/a,"$2,500,000.00",,60,1.57,Calvo,Otro,FALSO,Buena,TV,Cine,Inteligencia,Sinceridad,Romanticismo,Sinceridad,,Bisexual,FALSO
8,VALLÉS GIRVENT,LAURA,"NOU , 9, 2N.",Bogotá ,936565656,###############################################################################################################################################################################################################################################################,anabel@altecom.es,,Mujer,17/09/1966,Casado/a,3,VERDADERO,Conductor/a,EGB,$0.00,17500,70,1.72,Pelirrojo,Verdes,VERDADERO,Regular,Cine,Música,Romanticismo,Ternura,Sencillez,Realismo,,Heterosexual,FALSO
9,RAYA GARCIA,RAQUEL,"JACINT VERDAGUER , 52, 3R, 1A.",Medellín  ,###############################################################################################################################################################################################################################################################,,antiga@minorisa.es,,Mujer,10/10/1967,Casado/a,0,FALSO,Oficial,FP,"$800,000.00",,65,1.81,Rubio,Azules,FALSO,Regular,Deporte,Música,Sinceridad,Fortaleza,Alegría,Realismo,Los días lluviosos,Bisexual,VERDADERO
10,ANDREU CRUZ,JOAN,"JOAN MIRÓ , 10",Bogotá ,###############################################################################################################################################################################################################################################################,###############################################################################################################################################################################################################################################################,ballador@hotmail.com,,Hombre,29/05/1960,Otros,0,VERDADERO,Recepcionista,EGB,"$1,200,000.00",87800,99,1.62,Castaño,Otro,VERDADERO,Buena,Cine,TV,Alegría,Ternura,Romanticismo,Alegría,,No declarada,VERDADERO
11,BARALDÉS COMAS,MARIA ISABEL,"JAUME GALOBART , 12",Bogotá ,###############################################################################################################################################################################################################################################################,###############################################################################################################################################################################################################################################################,balladora@altecom.es,,Mujer,11/03/1968,Divorciado/a,1,VERDADERO,Diseñador/a,Elementales,"$8,000,000.00",71000,87,1.56,Otros,Otro,FALSO,Buena,Cine,Música,Fortaleza,Inteligencia,Buen Humor,Inteligencia,,Homosexual,VERDADERO
12,BERENGUERAS CULLERÉS,ADRIÀ,"PINTOR SERT , 12, 1R., 1A.",Medellín  ,937809812,###############################################################################################################################################################################################################################################################,barbilla@hotmail.com,,Hombre,23/09/1964,Soltero/a,1,VERDADERO,Comercial,Elementales,"$300,000.00",34300,92,1.6,Calvo,Marrones,VERDADERO,Regular,Música,Lectura,Buen Humor,Romanticismo,Ternura,Romanticismo,,Heterosexual,VERDADERO
13, GARCIA UCEDA,GERARD,"BELLAVISTA , 30",Medellín  ,###############################################################################################################################################################################################################################################################,,besugo@minorisa.es,,Hombre,13/01/1966,Divorciado/a,3,FALSO,Comercial,EGB,"$4,000,000.00",,66,1.87,Negro,Otro,FALSO,Buena,Caminar,Deporte,Ternura,Realismo,Romanticismo,Sencillez,La gente gorda,Bisexual,VERDADERO
14,ARNAU MORENO,ELIOT,"MONTURIOL , 10, 1R.",Bogotá ,###############################################################################################################################################################################################################################################################,,bogart@terra.es,,Hombre,02/09/1957,Soltero/a,3,FALSO,Asesor/a fiscal,Elementales,"$3,100,000.00",,53,1.82,Negro,Negros,FALSO,Buena,Lectura,Cine,Ternura,Serenidad,Sinceridad,Buen Humor,,Homosexual,VERDADERO
15,RAYA GAVILAN,JORDI,"JACINT VERDAGUER , 52, 2N., 4A.",Barranquilla,938754554,,bond@terra.es,,Hombre,18/07/1969,Casado/a,0,FALSO,Arquitecto/a,Licenciado/a,"$1,000,000.00",,101,1.6,Castaño,Otro,FALSO,Regular,TV,Cine,Sinceridad,Romanticismo,Alegría,Buen Humor,,Bisexual,FALSO
16,ZAMBUDIO FIGULS,LLUÍS,"CASA NOVA , ",Bogotá ,936875544,###############################################################################################################################################################################################################################################################,,,Hombre,30/01/1969,Soltero/a,5,VERDADERO,,EGB,"$1,100,000.00",113600,104,1.67,Rubio,Verdes,FALSO,Regular,Cine,Música,Inteligencia,Sencillez,Inteligencia,Sinceridad,,No declarada,VERDADERO
17,BIDAULT CULLERÉS,LAURA,"DE LA CAÇA , 12, 1R., C",Cali  ,935880712,###############################################################################################################################################################################################################################################################,cabeza larga@cataloniamail.com,,Mujer,02/04/1967,Casado/a,3,VERDADERO,Contable,Licenciado/a,"$500,000.00",10900,74,1.87,Pelirrojo,Negros,VERDADERO,Buena,Lectura,TV,Buen Humor,Sencillez,Sinceridad,Inteligencia,,Bisexual,VERDADERO
18,BIOSCA FONTANET,JORDI,"PINTOR SERT , 12, 2N., 1A.",Cali  ,###############################################################################################################################################################################################################################################################,###############################################################################################################################################################################################################################################################,,,Hombre,03/09/1958,Otros,0,FALSO,Camarero/a,EGB,"$600,000.00",,107,1.75,Calvo,Azules,FALSO,Buena,Cine,TV,Sencillez,Ternura,Buen Humor,Realismo,,Homosexual,VERDADERO
19,ZAFRA FIGULS,DOUNYA,"CASA SARA , ",Bogotá ,###############################################################################################################################################################################################################################################################,,,,Mujer,31/05/1966,Separado/a,3,VERDADERO,,EGB,"$4,000,000.00",91400,107,1.73,Otros,Marrones,VERDADERO,Regular,Música,Caminar,Fortaleza,Romanticismo,Alegría,Serenidad,La gente prepotente,No declarada,VERDADERO
20,ALEU ICART,JULIO,"ARTÈS , 1, 1R, 1A.",Bogotá ,###############################################################################################################################################################################################################################################################,,cangur@intercom.es,,Hombre,21/09/1967,Otros,3,VERDADERO,Recepcionista,Elementales,"$1,100,000.00",102800,79,1.86,Castaño,Azules,FALSO,Excelente,Música,Lectura,Fortaleza,Ternura,Sinceridad,Sencillez,,No declarada,FALSO
21,BADIA TORNÉ,ANDREU,"GENERAL PRIM , 11, 2N.",Barranquilla,938200022,,,,Hombre,23/02/1963,Separado/a,3,FALSO,Recepcionista,Diplomado/a,$0.00,,106,1.79,Rubio,Verdes,FALSO,Regular,Lectura,Caminar,Sinceridad,Romanticismo,Romanticismo,Sencillez,,Heterosexual,VERDADERO
22,MORALES GESE,RAMON,"CAU DE LA GUINEU , 4",Bogotá ,936512545,,,,Hombre,26/01/1958,Casado/a,0,FALSO,Abogado/a,EGB,"$1,100,000.00",,70,1.81,Calvo,Verdes,FALSO,Buena,Lectura,Deporte,Inteligencia,Buen Humor,Alegría,Sinceridad,,Heterosexual,VERDADERO
23,BLANCO FONTANET,DAVID-JESE,"JOAN SANMARTÍ , 12, 2N., 2A.",Barranquilla,937785655,###############################################################################################################################################################################################################################################################,caparranas@altecom.es,,Hombre,23/09/1960,Otros,3,FALSO,,Elementales,"$500,000.00",,61,1.57,Negro,Azules,FALSO,Buena,Deporte,Lectura,Fortaleza,Romanticismo,Fortaleza,Buen Humor,,Bisexual,VERDADERO
24,ALVAREZ FERNÁNDEZ,ARAN,"PROL. PADRÓ , 1, 3R. 1A.",Bogotá ,938300385,###############################################################################################################################################################################################################################################################,,,Hombre,27/09/1964,Soltero/a,2,FALSO,Taxista,Elementales,"$1,400,000.00",,85,1.64,Castaño,Marrones,VERDADERO,Buena,Deporte,Cine,Fortaleza,Ternura,Serenidad,Ternura,,Homosexual,VERDADERO
25,GARCIA ALMOGUERA,GEMMA,"SALLENT , 22, 2N.",Bogotá ,936520471,###############################################################################################################################################################################################################################################################,,,Mujer,22/03/1962,Soltero/a,1,FALSO,,Bachillerato,"$1,300,000.00",,75,1.69,Pelirrojo,Azules,FALSO,Regular,TV,TV,Realismo,Fortaleza,Sinceridad,Sencillez,Los políticos,Bisexual,FALSO
26,LIBORI FIGUERAS,IVAN,"JOAN MIRÓ , 3",Bogotá ,936012445,###############################################################################################################################################################################################################################################################,carretero@intercom.es,,Hombre,23/07/1965,Divorciado/a,2,FALSO,,EGB,"$3,000,000.00",,88,1.56,Otros,Otro,VERDADERO,Buena,Caminar,Cine,Ternura,Sinceridad,Buen Humor,Ternura,,No declarada,VERDADERO
27,BIDAULT PUEYO,DAVID,"LLUÍS CASTELLS , 12, 2N.",Cali  ,934500611,,cela@altecom.es,,Hombre,13/05/1969,Divorciado/a,0,VERDADERO,Oficial,EGB,"$500,000.00",120300,102,1.57,Rubio,Otro,FALSO,Regular,Caminar,Deporte,Realismo,Ternura,Alegría,Fortaleza,,Bisexual,VERDADERO
28,BENITEZ JOSE,XAVIER,"SANT VALENTÍ , 12, 1R.",Cali  ,###############################################################################################################################################################################################################################################################,,coco@hotmail.com,,Hombre,17/05/1966,Divorciado/a,0,FALSO,Asesor/a fiscal,Elementales,"$1,100,000.00",,69,1.73,Rubio,Azules,VERDADERO,Regular,Deporte,#N/A,Alegría,Sinceridad,Sinceridad,Ternura,Viajar en avión,Heterosexual,FALSO
29,PASCUAL FLORES,MARIO,"ÀNGEL GUIMERÀ , 43, 2N",Bogotá ,###############################################################################################################################################################################################################################################################,,conejo@minorisa.es,,Hombre,02/08/1959,Separado/a,1,FALSO,,Elementales,"$900,000.00",,73,1.75,Castaño,Verdes,FALSO,Fatal,Música,Deporte,Realismo,Alegría,Realismo,Sinceridad,,Heterosexual,VERDADERO
30,AYALA TORNÉ,JESUS,"JAUME GALOBART , 11",Bogotá ,938202200,,corcel@altecom.es,,Hombre,04/01/1959,Separado/a,0,FALSO,Dependiente/a,FP,$0.00,,71,1.82,Negro,Marrones,FALSO,Regular,TV,Caminar,Alegría,Sinceridad,Ternura,Sinceridad,,Homosexual,VERDADERO
31,LISTAN FIGUERAS,GEMMA,"AVINGUDA TRES , 3, 1R., 1A.",Barranquilla,939965585,,,,Mujer,29/11/1968,Divorciado/a,1,FALSO,Arquitecto/a,FP,"$800,000.00",,77,1.81,Negro,Negros,FALSO,Buena,TV,Cine,Realismo,Serenidad,Sinceridad,Inteligencia,,Homosexual,VERDADERO
32,RASERO GAVILAN,SILVIA,"JACINT VERDAGUER , 52, 2N., 1A.",Bogotá ,###############################################################################################################################################################################################################################################################,###############################################################################################################################################################################################################################################################,curie@minorisa.es,,Mujer,14/06/1964,Soltero/a,4,FALSO,,Elementales,$0.00,,104,1.62,Negro,Marrones,FALSO,Buena,Deporte,Cine,Inteligencia,Ternura,Inteligencia,Fortaleza,Los huevos fritos,No declarada,VERDADERO
33,ARNALOT PUIG,ALBERT,"DIPUTACIÓ , 10",Bogotá ,938204054,###############################################################################################################################################################################################################################################################,dalí@wandoo.es,,Hombre,20/06/1969,Soltero/a,2,FALSO,Profesor/a,Doctor/a,"$1,200,000.00",,59,1.71,Pelirrojo,Verdes,VERDADERO,Buena,Lectura,Cine,Sencillez,Ternura,Sinceridad,Buen Humor,,Bisexual,FALSO
34,MOLINER GARRIDO,MARIA,"VIC , 39, 1R., 2A.",Cali  ,###############################################################################################################################################################################################################################################################,,,,Mujer,21/11/1966,Casado/a,2,VERDADERO,Camarero/a,EGB,"$2,400,000.00",15100,106,1.73,Pelirrojo,Azules,FALSO,Buena,Deporte,Caminar,Ternura,Buen Humor,Fortaleza,Sinceridad,Barcelona,Heterosexual,FALSO
35,GALOBART GARCIA,BERTA,"GERMAN DURAN , 21",Cali  ,###############################################################################################################################################################################################################################################################,,dolça@cidet.com,,Mujer,17/05/1959,Separado/a,5,FALSO,Contable,FP,"$1,200,000.00",,58,1.71,Pelirrojo,Negros,VERDADERO,Regular,Deporte,Caminar,Sinceridad,Buen Humor,Realismo,Serenidad,,Bisexual,FALSO
36,LÓPEZ GARRIGASSAIT,BERTA,"BELLAVISTA , 30",Bogotá ,###############################################################################################################################################################################################################################################################,,dorada@intercom.es,,Mujer,11/07/1965,Otros,4,FALSO,Administrativo/a,EGB,"$1,400,000.00",,80,1.9,Otros,Verdes,FALSO,Regular,TV,Caminar,Buen Humor,Realismo,Inteligencia,Alegría,Los coches,Bisexual,VERDADERO
37,SÁNCHEZ GÓMEZ,MIREIA,"NOU , 7, 2N.",Bogotá ,###############################################################################################################################################################################################################################################################,###############################################################################################################################################################################################################################################################,elisa@altecom.es,,Mujer,09/12/1962,Soltero/a,3,FALSO,Administrativo/a,Elementales,"$1,200,000.00",,66,1.87,Rubio,Otro,VERDADERO,Excelente,Deporte,TV,Fortaleza,Sinceridad,Ternura,Realismo,Los políticos,Homosexual,VERDADERO
38,ALAVEDRA SUNYÉ,GEMMA,"MANELIC , 1",Barranquilla,938773941,###############################################################################################################################################################################################################################################################,encarna@hotmail.com,,Mujer,22/03/1966,Casado/a,2,FALSO,Dependiente/a,Elementales,"$1,000,000.00",,66,1.89,Otros,Negros,FALSO,Regular,Lectura,Deporte,Fortaleza,Inteligencia,Sinceridad,Fortaleza,,No declarada,FALSO
39,ALIGUÉ BONVEHÍ,MARIA ISABEL,"DE LA PESCA , 1, 1R., 1A.",Bogotá ,938305295,,entesa@altecom.es,,Mujer,22/02/1967,Casado/a,4,VERDADERO,Asesor/a fiscal,Bachillerato,$0.00,62600,68,1.83,Pelirrojo,Otro,FALSO,Buena,Lectura,Cine,Buen Humor,Serenidad,Inteligencia,Fortaleza,,Bisexual,FALSO
40,MAS FRANCH,TONI,"PIRINEUS , 34",Bogotá ,936524446,###############################################################################################################################################################################################################################################################,,,Hombre,24/07/1969,Divorciado/a,2,VERDADERO,,EGB,$0.00,54700,54,1.59,Otros,Marrones,FALSO,Regular,TV,Música,Ternura,Sinceridad,Serenidad,Realismo,,No declarada,VERDADERO
41,ALOY COMPTE,ALEJANDRO,"PROL. JACINT VERDAGUER , 1, 2N., 2A.",Medellín  ,###############################################################################################################################################################################################################################################################,,,,Hombre,23/08/1958,Divorciado/a,5,FALSO,,FP,"$1,400,000.00",,78,1.78,Negro,Otro,FALSO,Regular,Cine,TV,Fortaleza,Realismo,Sencillez,Serenidad,,Bisexual,VERDADERO
42,ASENSIO VEGA,JOAN MARTÍ,"MALLORCA , 11",Bogotá ,###############################################################################################################################################################################################################################################################,,et@altecom.es,,Hombre,16/12/1957,Otros,4,FALSO,Taxista,Bachillerato,"$1,300,000.00",,91,1.72,Rubio,Negros,VERDADERO,Regular,Música,Música,Buen Humor,Serenidad,Realismo,Serenidad,,Bisexual,VERDADERO
43,BIDAULT PÉREZ,INGRID,"SANT BENET , 12, 2N.",Bogotá ,###############################################################################################################################################################################################################################################################,,,,Mujer,20/03/1967,Casado/a,3,FALSO,,Licenciado/a,"$1,200,000.00",,53,1.89,Castaño,Marrones,FALSO,Buena,Caminar,Lectura,Romanticismo,Alegría,Fortaleza,Inteligencia,,Heterosexual,FALSO
44,ALOY CODINACHS,OLIVER,"PROL. PADRÓ , 1, 2N., 2A.",Bogotá ,###############################################################################################################################################################################################################################################################,,,,Hombre,13/04/1959,Otros,1,FALSO,Representante,Licenciado/a,"$1,100,000.00",,79,1.66,Castaño,Negros,VERDADERO,Fatal,Deporte,Cine,Fortaleza,Serenidad,Romanticismo,Sinceridad,Los huevos fritos,No declarada,VERDADERO
45,ALTIMIRAS ARMENTEROS,SANDRA,"ARTÈS , 1, 2N., 2A.",Cali  ,938300422,,experta@wandoo.es,,Mujer,23/01/1960,Separado/a,3,FALSO,Camarero/a,EGB,"$1,100,000.00",,110,1.6,Calvo,Verdes,FALSO,Fatal,Deporte,Lectura,Ternura,Realismo,Romanticismo,Inteligencia,,Bisexual,VERDADERO
46,BELMONTE SÁNCHEZ,JORDI,"JOAN XXIII , 12, 1R, 2A.",Cali  ,###############################################################################################################################################################################################################################################################,###############################################################################################################################################################################################################################################################,f5@wandoo.es,,Hombre,16/07/1966,Otros,2,FALSO,Enfermero/a,Diplomado/a,"$1,500,000.00",,105,1.74,Castaño,Azules,FALSO,Regular,Música,Música,Alegría,Ternura,Sinceridad,Ternura,Barcelona,Homosexual,FALSO
47,BAJONA GARCIA,MARC,"BERTRAND I SERRA , 11, 3R.",Bogotá ,###############################################################################################################################################################################################################################################################,,,,Hombre,25/02/1968,Otros,0,FALSO,,Elementales,"$1,300,000.00",,60,1.7,Rubio,Verdes,FALSO,Buena,Música,Lectura,Ternura,Sinceridad,Serenidad,Realismo,Los niños,Homosexual,VERDADERO
48,AGUILAR RODRIGUEZ,JORDINA,"LA SARDANA , 1",Bogotá ,###############################################################################################################################################################################################################################################################,,,,Mujer,17/08/1962,Casado/a,1,FALSO,Contable,Bachillerato,"$6,000,000.00",,87,1.59,Calvo,Marrones,FALSO,Buena,TV,Música,Buen Humor,Fortaleza,Ternura,Inteligencia,Los coches,Heterosexual,FALSO
49,BARRIGA SOTO,MARIA JOSÉ,"GALILEU , 12",Cali  ,938320587,,fina@hotmail.com,,Mujer,16/07/1961,Otros,3,FALSO,,Elementales,"$1,100,000.00",,70,1.87,Otros,Negros,VERDADERO,Regular,Música,Caminar,Sinceridad,Realismo,Ternura,Inteligencia,,Homosexual,FALSO
50,AVILA MASJUAN,RAQUEL,"SANT VALENTÍ , 11",Cali  ,938203095,###############################################################################################################################################################################################################################################################,fuego@altecom.es,,Mujer,23/01/1964,Separado/a,5,FALSO,Comercial,Elementales,"$600,000.00",,70,1.78,Negro,Otro,FALSO,Regular,Lectura,#N/A,Sinceridad,Alegría,Sencillez,Sinceridad,,No declarada,VERDADERO
51,PARRAMON FLORES,ENRIC,"JOAN XXIII , 43",Bogotá ,934555455,,,,Hombre,29/08/1963,Otros,0,FALSO,Dependiente/a,EGB,"$1,000,000.00",,78,1.86,Castaño,Otro,VERDADERO,Regular,Lectura,Caminar,Fortaleza,Realismo,Alegría,Ternura,,Homosexual,VERDADERO
52,AGUILAR RAMOS,MARTA,"DE LA PAU , 1",Bogotá ,938208502,,garota@hotmail.com,,Mujer,19/02/1961,Separado/a,2,FALSO,Recepcionista,EGB,"$4,000,000.00",,62,1.65,Otros,Otro,FALSO,Buena,Caminar,Música,Sencillez,Romanticismo,Romanticismo,Sencillez,,Homosexual,FALSO
53,AYALA ALSINA,CARLA,"SANT ANTONI MARIA CLARET , 11",Bogotá ,938205245,,,,Mujer,20/04/1959,Casado/a,0,FALSO,Administrativo/a,EGB,"$800,000.00",,103,1.73,Otros,Verdes,VERDADERO,Buena,TV,Lectura,Inteligencia,Sinceridad,Fortaleza,Sencillez,,Heterosexual,FALSO
54,ALVAREZ TROYANO,MARIA NOELIA,"AVINGUDA TRES , 1, 3R., 1A.",Medellín  ,938300374,,gateta@cataloniamail.com,,Mujer,20/10/1964,Divorciado/a,3,FALSO,Enfermero/a,Bachillerato,"$1,200,000.00",,66,1.56,Rubio,Azules,FALSO,Buena,Caminar,TV,Buen Humor,Ternura,Buen Humor,Sinceridad,,Heterosexual,FALSO
55,ALINS GONZÁLEZ,CRISTINA,"PROL. PADRÓ , 1, 2N., 1A.",Bogotá ,938305576,###############################################################################################################################################################################################################################################################,,,Mujer,27/03/1960,Soltero/a,2,FALSO,,Bachillerato,"$1,200,000.00",,102,1.67,Negro,Azules,FALSO,Regular,Caminar,Música,Ternura,Buen Humor,Serenidad,Realismo,,Heterosexual,VERDADERO
56,ACUÑA TORT,CARLOS,"SANT JOAN , 0, C, 3R. A",Bogotá ,938208614,,groucho@intercom.es,,Hombre,09/09/1960,Divorciado/a,1,FALSO,,Licenciado/a,"$1,000,000.00",,79,1.82,Rubio,Negros,FALSO,Buena,Cine,Deporte,Buen Humor,Ternura,Serenidad,Realismo,Viajar en avión,Homosexual,VERDADERO
57,ALGUÉ TRANCHO,DAVID,"PROL. JACINT VERDAGUER , 1, 1R., 1A.",Cali  ,938770077,,harpo@hotmail.com,,Hombre,03/11/1966,Soltero/a,1,VERDADERO,Funcionario/a,Diplomado/a,"$3,000,000.00",62000,82,1.7,Castaño,Marrones,FALSO,Regular,Lectura,Música,Fortaleza,Alegría,Ternura,Alegría,Viajar en avión,Heterosexual,VERDADERO
58,BADIA CASTILLO,CRISTIAN,"JOAN XXIII , 11, 1R., 1A.",Cali  ,938200713,,hispa@cataloniamail.com,,Hombre,23/02/1960,Soltero/a,4,FALSO,Oficial,EGB,"$3,000,000.00",,103,1.7,Rubio,Marrones,VERDADERO,Regular,Música,Deporte,Realismo,Sencillez,Inteligencia,Sinceridad,,Heterosexual,VERDADERO
59,BENITEZ FLORES,JULIO ALBERTO,"LLUÍS CASTELLS , 12, 1R.",Bogotá ,938270685,###############################################################################################################################################################################################################################################################,,,Hombre,20/10/1962,Soltero/a,0,FALSO,Representante,EGB,"$3,000,000.00",,54,1.65,Negro,Negros,FALSO,Fatal,Caminar,Lectura,Sencillez,Realismo,Ternura,Alegría,,Bisexual,FALSO
60,TORRUELLA GARCIA,SERGI,"PADRÓ , 83",Barranquilla,936021048,,huevo@terra.es,,Hombre,26/05/1969,Casado/a,0,FALSO,Estudiante,Diplomado/a,"$4,000,000.00",,66,1.79,Negro,Verdes,VERDADERO,Buena,Lectura,Caminar,Inteligencia,Sinceridad,Serenidad,Fortaleza,,Bisexual,VERDADERO
61,ALBERICH RODRIGUEZ,ALEIX,"SANT ISCLE , 1",Bogotá ,938773933,###############################################################################################################################################################################################################################################################,james dean@intercom.es,,Hombre,12/05/1966,Divorciado/a,0,FALSO,,Doctor/a,"$500,000.00",,64,1.7,Calvo,Negros,FALSO,Buena,Caminar,TV,Realismo,Ternura,Buen Humor,Realismo,Los entierros,No declarada,VERDADERO
62,ARMENCOT PUIG,VERÒNICA,"MONTSERRAT , 10",Barranquilla,###############################################################################################################################################################################################################################################################,###############################################################################################################################################################################################################################################################,jéssica@hotmail.com,,Mujer,30/08/1960,Soltero/a,1,FALSO,Camarero/a,EGB,"$1,000,000.00",,104,1.84,Calvo,Azules,VERDADERO,Buena,Caminar,Música,Serenidad,Sencillez,Romanticismo,Sinceridad,Las ciudades,No declarada,VERDADERO
63,ALIGUÉ RIVERA,MARIONA,"PROL. JACINT VERDAGUER , 1, 1R., 2A.",Bogotá ,###############################################################################################################################################################################################################################################################,,,,Mujer,02/06/1962,Soltero/a,5,FALSO,Oficial,EGB,"$7,000,000.00",,48,1.81,Calvo,Azules,FALSO,Regular,Cine,#N/A,Fortaleza,Buen Humor,Fortaleza,Alegría,Los perros,Homosexual,VERDADERO
64,BARRIGA RIU,MARC,"TRABUCAIRES , 12",Barranquilla,###############################################################################################################################################################################################################################################################,,,,Hombre,02/08/1959,Divorciado/a,0,FALSO,Comercial,Bachillerato,"$1,400,000.00",,89,1.81,Rubio,Negros,FALSO,Buena,Deporte,Música,Alegría,Fortaleza,Sencillez,Realismo,,Homosexual,VERDADERO
65,PORTELLA GISPETS,GEMMA,"JACINT VERDAGUER , 49, 4T., 2A.",Bogotá ,###############################################################################################################################################################################################################################################################,###############################################################################################################################################################################################################################################################,,,Mujer,06/09/1966,Soltero/a,4,VERDADERO,Diseñador/a,EGB,"$1,500,000.00",18100,98,1.56,Otros,Marrones,FALSO,Buena,Lectura,Cine,Sinceridad,Serenidad,Alegría,Sinceridad,,Heterosexual,VERDADERO
66,AGUILERA BAENA,RICARD,"MANELIC , 1",Bogotá ,###############################################################################################################################################################################################################################################################,,,,Hombre,20/02/1963,Otros,2,FALSO,,Diplomado/a,"$1,500,000.00",,82,1.74,Negro,Verdes,FALSO,Fatal,Caminar,TV,Buen Humor,Ternura,Sencillez,Realismo,,Heterosexual,FALSO
67,RODRIGUEZ GARCÍA,JUAN,"VERGE DE FÀTIMA , 6, BX., 2A.",Medellín,###############################################################################################################################################################################################################################################################,###############################################################################################################################################################################################################################################################,llus@hotmail.com,,Hombre,20/07/1962,Otros,5,FALSO,Dependiente/a,EGB,"$5,000,000.00",,94,1.6,Calvo,Otro,VERDADERO,Buena,Caminar,Música,Buen Humor,Sinceridad,Sinceridad,Fortaleza,,Heterosexual,FALSO
68,AGUILAR SUNYÉ,MARTA,"SANT JOAN , 0, D, 3R. A",Bogotá ,938208677,,,,Mujer,27/11/1960,Casado/a,3,FALSO,,Elementales,$0.00,,91,1.73,Calvo,Verdes,FALSO,Buena,Cine,Lectura,Sencillez,Serenidad,Buen Humor,Sencillez,Los hospitales,Heterosexual,VERDADERO
69,BARRIGA TARDÀ,NATÀLIA,"GALILEU , 12",Bogotá ,938325558,,madonna@wandoo.es,,Mujer,18/11/1959,Otros,3,FALSO,Delineante,Bachillerato,"$1,100,000.00",,95,1.86,Calvo,Otro,VERDADERO,Regular,TV,Lectura,Sencillez,Romanticismo,Realismo,Inteligencia,Los hospitales,No declarada,FALSO
70,BARCONS LARA,MARTA,"ESPORTS , 12",Bogotá ,938360281,,mata hari@intercom.es,,Mujer,25/10/1968,Otros,4,FALSO,Comercial,EGB,"$3,000,000.00",,110,1.88,Otros,Otro,FALSO,Regular,Música,Deporte,Fortaleza,Sencillez,Buen Humor,Fortaleza,,Heterosexual,VERDADERO
71,AGUILERA TATJÉ,LAURA,"JOSEP BOIXADERAS , 1",Bogotá ,938208380,###############################################################################################################################################################################################################################################################,melanie@minorisa.es,,Mujer,10/02/1963,Otros,4,FALSO,,EGB,"$700,000.00",,96,1.89,Castaño,Azules,FALSO,Regular,Caminar,Lectura,Fortaleza,Sencillez,Alegría,Fortaleza,,Homosexual,VERDADERO
72,ALEU PRAT,JOAN,"CERVANTES , 1, 1R.",Pasto,938770878,,melquíades@hotmail.com,,Hombre,02/02/1969,Otros,0,FALSO,,EGB,"$1,500,000.00",,93,1.83,Calvo,Azules,FALSO,Buena,Cine,TV,Alegría,Realismo,Romanticismo,Sinceridad,,Heterosexual,VERDADERO
73,VALLÉS GIRVENT,ALEXIA,"CERVANTES , 9, 1R.",Bogotá ,936874511,###############################################################################################################################################################################################################################################################,merche@terra.es,,Mujer,16/03/1964,Soltero/a,2,VERDADERO,Contable,Diplomado/a,"$600,000.00",39700,53,1.67,Calvo,Azules,FALSO,Regular,Música,Cine,Fortaleza,Alegría,Sinceridad,Serenidad,Los perros,Heterosexual,VERDADERO
74,MOLINA GARRIDO,FERRAN,"JOAN XXIII , 39",Pasto,936548745,###############################################################################################################################################################################################################################################################,midas@cataloniamail.com,,Hombre,21/06/1964,Soltero/a,2,VERDADERO,Dependiente/a,EGB,"$500,000.00",36100,59,1.81,Calvo,Otro,VERDADERO,Excelente,Música,Caminar,Buen Humor,Realismo,Fortaleza,Serenidad,Los perros,Homosexual,FALSO
75,ARISSA HERMOSO,CRISTINA,"DOCTOR BARNARD , 10",Bogotá ,938755512,###############################################################################################################################################################################################################################################################,mona lisa@minorisa.es,,Mujer,19/11/1957,Soltero/a,4,FALSO,,Bachillerato,"$1,000,000.00",,75,1.74,Castaño,Azules,FALSO,Buena,Deporte,Cine,Ternura,Sinceridad,Buen Humor,Sencillez,,No declarada,FALSO
76,BARALDÉS PARDO,JOSÉ ANTONIO,"ESPORTS , 12",Medellín,938722096,,moro@minorisa.es,,Hombre,30/11/1966,Separado/a,5,FALSO,Asesor/a fiscal,Elementales,"$1,500,000.00",,97,1.59,Calvo,Otro,VERDADERO,Regular,Música,Cine,Realismo,Sinceridad,Romanticismo,Alegría,,No declarada,VERDADERO
77,SUAREZ GARZÓN,JORDI,"DE LA PAU , 8",Bogotá ,934512544,,mozart@wandoo.es,,Hombre,03/09/1960,Soltero/a,0,FALSO,Taxista,EGB,"$1,600,000.00",,108,1.85,Castaño,Negros,FALSO,Regular,Lectura,Deporte,Serenidad,Fortaleza,Serenidad,Romanticismo,,Heterosexual,VERDADERO
78,ARPA MORENO,BEGONYA,"SANT VALENTÍ , 11",Barranquilla,###############################################################################################################################################################################################################################################################,,,,Mujer,28/10/1964,Otros,5,FALSO,Dependiente/a,Elementales,"$800,000.00",,106,1.8,Castaño,Verdes,VERDADERO,Buena,Música,TV,Alegría,Romanticismo,Serenidad,Fortaleza,,Bisexual,VERDADERO
79,ALOY FARRANDO,INGRID,"PROL. PADRÓ , 1, 2N., 2A.",Bogotá ,###############################################################################################################################################################################################################################################################,,,,Mujer,14/04/1959,Separado/a,0,FALSO,Representante,EGB,$0.00,,93,1.82,Pelirrojo,Otro,FALSO,Regular,TV,Lectura,Inteligencia,Buen Humor,Sencillez,Inteligencia,,Bisexual,VERDADERO
80,LUQUE GARRIGASAIT,MIQUEL,"VIC , 30 (TORROELLA)",Bogotá ,933256844,###############################################################################################################################################################################################################################################################,napoleon@cidet.com,,Hombre,20/09/1967,Divorciado/a,1,FALSO,Taxista,Licenciado/a,"$1,000,000.00",,93,1.64,Rubio,Azules,FALSO,Buena,Caminar,Cine,Alegría,Inteligencia,Sencillez,Realismo,,Heterosexual,FALSO
81,RIDÓ GÓMEZ,AGUSTÍ,"SANT ISCLE , 6",Barranquilla,936528779,,orondo@altecom.es,,Hombre,24/05/1966,Casado/a,5,FALSO,Contable,FP,"$1,000,000.00",,79,1.59,Pelirrojo,Negros,FALSO,Regular,Cine,Caminar,Sinceridad,Ternura,Sinceridad,Buen Humor,Los fumadores,Bisexual,VERDADERO
82,SANTAMARIA FLOTATS,ANTONI,"JAUME BALMES , 70, 3R, 1A.",Bogotá ,931021886,,papagayo@altecom.es,,Hombre,31/05/1967,Soltero/a,5,VERDADERO,Profesor/a,EGB,"$400,000.00",95000,89,1.84,Otros,Otro,FALSO,Buena,Caminar,Cine,Ternura,Romanticismo,Sinceridad,Inteligencia,Los niños,Homosexual,VERDADERO
83,HERMS GÓMEZ,JOAN,"GERMAN DURAN , 27, 3R., 1A.",Pasto,936201457,658955442,,,Hombre,21/10/1958,Divorciado/a,4,FALSO,Camarero/a,EGB,$0.00,,81,1.71,Pelirrojo,Otro,VERDADERO,Buena,Música,TV,Sinceridad,Buen Humor,Realismo,Romanticismo,,Heterosexual,FALSO
84,ARTIGAS MATURANO,MÒNICA,"SANT JOAN , 11",Bogotá ,938207515,,pasión@altecom.es,,Mujer,03/10/1959,Separado/a,5,FALSO,Funcionario/a,EGB,"$140,000.00",,100,1.86,Otros,Otro,FALSO,Regular,Cine,Lectura,Ternura,Sencillez,Alegría,Ternura,Los entierros,Heterosexual,VERDADERO
85,AGUILAR MASANA,GERARD,"PUIG , 1",Medellín,938208558,,,,Hombre,23/05/1961,Casado/a,3,FALSO,Arquitecto/a,Elementales,"$300,000.00",,83,1.84,Rubio,Marrones,VERDADERO,Fatal,Música,Cine,Ternura,Sinceridad,Buen Humor,Ternura,,No declarada,VERDADERO
86,ALTIMIRAS SERAROLS,GEMMA,"PROL. JACINT VERDAGUER , 1, 2N., 2A.",Bogotá ,938300496,,pelusa@hotmail.com,,Mujer,16/01/1961,Casado/a,3,FALSO,Funcionario/a,Bachillerato,"$1,300,000.00",,89,1.76,Calvo,Azules,FALSO,Buena,Caminar,TV,Serenidad,Inteligencia,Sinceridad,Ternura,Los dibujos animados,Homosexual,VERDADERO
87,TORRESCASANA GARCIA,MARIA,"RAMON I CAJAL , 81, 2N.",Bogotá ,930120545,625458445,perla@cataloniamail.com,,Mujer,29/10/1957,Divorciado/a,2,FALSO,Asesor/a fiscal,FP,"$4,000,000.00",,63,1.77,Pelirrojo,Negros,VERDADERO,Excelente,Caminar,Música,Realismo,Sencillez,Serenidad,Realismo,Los niños,Heterosexual,VERDADERO
88,ARIZA PUIGBÓ,ORIOL,"MORAGUES , 10",Pasto,938207095,,,Ex-presidiario,Hombre,05/12/1967,Casado/a,5,VERDADERO,Dependiente/a,Elementales,"$900,000.00",76400,79,1.7,Negro,Negros,FALSO,Regular,Cine,TV,Inteligencia,Ternura,Alegría,Realismo,Los entierros,Homosexual,VERDADERO
89,ALVAREZ ARMENTEROS,VIRGINIA,"PROL. PADRÓ , 1, 3R., 2A.",Bogotá ,938300214,,,,Mujer,30/10/1965,Separado/a,4,FALSO,Conductor/a,Bachillerato,$0.00,,66,1.82,Negro,Marrones,FALSO,Regular,Deporte,Música,Romanticismo,Sinceridad,Sinceridad,Inteligencia,,Heterosexual,VERDADERO
90,BARALDÉS TARRAGÓ,DAMIÀ,"FRANCESC DE VITÒRIA , 11, 4T 2A",Bogotá ,938727244,625410101,psicosis@intercom.es,,Hombre,19/05/1969,Divorciado/a,3,VERDADERO,Camarero/a,EGB,"$1,600,000.00",103400,101,1.64,Castaño,Negros,FALSO,Buena,TV,Deporte,Fortaleza,Buen Humor,Realismo,Sinceridad,,Homosexual,FALSO
91,GARCIA GARCÍA,VALENTÍ,"ALBÉNIZ , 22, 2N.",Pasto,936565874,,,Mucha discreción,Hombre,14/07/1964,Separado/a,2,FALSO,Camarero/a,FP,"$400,040.00",,108,1.65,Otros,Azules,FALSO,Regular,Deporte,Lectura,Sinceridad,Fortaleza,Serenidad,Sinceridad,,Homosexual,VERDADERO
92,AROCA GÓMEZ,AINA,"TRES ROURES , 10, 4T 2A",Bogotá ,938205782,632514125,rebeca@cataloniamail.com,,Mujer,29/01/1964,Separado/a,1,FALSO,,FP,"$400,000.00",,95,1.75,Pelirrojo,Otro,VERDADERO,Buena,Deporte,Cine,Serenidad,Inteligencia,Romanticismo,Ternura,,Homosexual,VERDADERO
93,ALONSO RODRIGUEZ,DAVID,"PROL. PADRÓ , 1, 2N., 1A.",Bogotá ,938305551,,rebelde@intercom.es,,Hombre,23/03/1958,Divorciado/a,4,FALSO,,Licenciado/a,"$1,500,000.00",,83,1.73,Calvo,Verdes,FALSO,Buena,Lectura,Música,Romanticismo,Realismo,Serenidad,Ternura,,Homosexual,VERDADERO
94,CANO GÓMEZ,GERARD,"ALBÉNIZ , 13, 2N., 1A.",Medellín,936577225,,,,Hombre,04/11/1966,Otros,5,FALSO,Asesor/a fiscal,Doctor/a,"$1,200,000.00",,69,1.72,Otros,Verdes,VERDADERO,Buena,Caminar,Deporte,Inteligencia,Fortaleza,Serenidad,Ternura,,Heterosexual,VERDADERO
95,ALCAIDE MOLINA,MARTA,"FONT DEL GAT , 1",Bogotá ,938773647,632544145,,Persona Pública,Mujer,17/07/1967,Separado/a,4,FALSO,Camarero/a,Elementales,"$400,000.00",,73,1.72,Castaño,Marrones,FALSO,Regular,Deporte,Cine,Romanticismo,Alegría,Inteligencia,Ternura,,No declarada,FALSO
96,AGUILERA PRAT,MIREIA,"MONTCAU , 1",Barranquilla,938208054,,rene@intercom.es,,Mujer,16/02/1966,Soltero/a,0,VERDADERO,,Elementales,"$600,000.00",24100,90,1.57,Negro,Marrones,FALSO,Buena,Deporte,Caminar,Sencillez,Fortaleza,Ternura,Ternura,,No declarada,VERDADERO
97,ALAPONT ICART,ELOI,"MONTURIOL , 1",Bogotá ,938208054,658789875,,,Hombre,09/03/1966,Soltero/a,0,VERDADERO,,EGB,"$1,300,000.00",102200,58,1.61,Rubio,Marrones,FALSO,Buena,Cine,Música,Realismo,Sinceridad,Sinceridad,Sinceridad,,Homosexual,VERDADERO
98,RIVERO FLORIDO,ANNA,"VILATORRADA , 6",Bogotá ,930712563,654112144,rica@terra.es,La trae su madre,Mujer,23/03/1969,Casado/a,0,FALSO,Comercial,Diplomado/a,"$7,000,000.00",,102,1.84,Otros,Marrones,FALSO,Fatal,Música,TV,Sinceridad,Romanticismo,Inteligencia,Sinceridad,,Bisexual,VERDADERO
99,AVILA MASJUAN,ALBA,"JAUME GALOBART , 11",Barranquilla,938204078,,rockera@terra.es,,Mujer,22/09/1957,Otros,5,FALSO,Camarero/a,EGB,"$500,000.00",,76,1.57,Otros,Negros,VERDADERO,Regular,Lectura,TV,Ternura,Fortaleza,Buen Humor,Alegría,,Bisexual,VERDADERO
100,GRANADOS ANDRÉS,SANDRA,"SANT GENÍS , 25",Bogotá ,936871045,,,Mucha discreción,Mujer,15/11/1961,Divorciado/a,4,FALSO,Camarero/a,Bachillerato,"$1,500,000.00",,51,1.61,Calvo,Marrones,FALSO,Regular,Caminar,Deporte,Alegría,Sinceridad,Serenidad,Sencillez,,Heterosexual,VERDADERO
101,FERRER GASSET,ERIC,"VERGE DE FÀTIMA , 2, 3R., 1A.",Pasto,938745211,,roman@wandoo.es,,Hombre,15/04/1960,Otros,4,FALSO,Recepcionista,EGB,"$1,400,000.00",,62,1.68,Castaño,Negros,VERDADERO,Buena,Deporte,Caminar,Alegría,Sinceridad,Alegría,Sinceridad,,Homosexual,VERDADERO
102,AMIGO MODREGO,LLUÍS,"JAUME I , 10",Bogotá ,938300065,654401401,,,Hombre,18/11/1965,Divorciado/a,4,FALSO,Comercial,EGB,"$7,000,000.00",,98,1.75,Rubio,Azules,FALSO,Buena,TV,Cine,Sencillez,Fortaleza,Sinceridad,Alegría,,Homosexual,FALSO
103,ABDIN TATJÈ,CRISTIAN,"SANT JOAN , 0, C, 1R., B",Pasto,938208674,,romeo@intercom.es,,Hombre,08/12/1959,Casado/a,2,FALSO,Asesor/a fiscal,Elementales,"$1,100,000.00",,76,1.63,Calvo,Marrones,VERDADERO,Excelente,Lectura,TV,Realismo,Fortaleza,Alegría,Romanticismo,Las mujeres,Heterosexual,VERDADERO
104,CANELLAS GOMEZ,GUILLEM,"JACINT VERDAGUER , 13",Bogotá ,930214054,,,,Hombre,30/03/1967,Separado/a,1,FALSO,Administrativo/a,Elementales,"$400,000.00",,68,1.87,Calvo,Verdes,FALSO,Regular,Música,TV,Inteligencia,Buen Humor,Serenidad,Realismo,,Heterosexual,VERDADERO
105,HIDALGO ALTIMIRAS,DIMAS,"SANT BENET , 28, 2N., 2A.",Bogotá ,936521404,602120214,ronc@cataloniamail.com,,Hombre,14/07/1964,Otros,0,VERDADERO,,Bachillerato,"$1,400,000.00",66800,89,1.61,Rubio,Marrones,FALSO,Buena,Deporte,Música,Ternura,Buen Humor,Alegría,Inteligencia,,Heterosexual,VERDADERO
106,BASTARDAS FRANCH,ANA INÉS,"FONERIA , 12",Medellín,938350593,,sabrosa@hotmail.com,,Mujer,03/01/1962,Casado/a,3,FALSO,Abogado/a,FP,"$1,000,400.00",,96,1.82,Negro,Marrones,FALSO,Regular,TV,Música,Alegría,Inteligencia,Alegría,Sencillez,Viajar en avión,Heterosexual,VERDADERO
107,ABADIAS MASANA,IVET,"ALFONS XII , 9, 4T 1A",Bogotá ,939962045,622101451,salsa@cataloniamail.com,,Mujer,22/05/1959,Casado/a,4,FALSO,Camarero/a,EGB,"$1,100,000.00",,105,1.55,Castaño,Azules,FALSO,Buena,Lectura,#N/A,Serenidad,Inteligencia,Sinceridad,Sinceridad,Viajar en avión,Heterosexual,VERDADERO
108,AREVALO SANCHEZ,JÚLIA,"JAUME I , 10",Bogotá ,938755603,654874412,,,Mujer,17/09/1968,Casado/a,3,FALSO,Recepcionista,FP,"$1,300,000.00",,99,1.59,Castaño,Marrones,VERDADERO,Regular,Lectura,Deporte,Serenidad,Buen Humor,Sinceridad,Serenidad,,No declarada,FALSO
109,ALINS MULET,DANIEL,"DE LA PESCA , 1, 1R., 2A.",Medellín,938305524,610025001,,Mucha discreción,Hombre,02/03/1958,Casado/a,3,FALSO,Conductor/a,Elementales,"$700,000.00",,86,1.6,Rubio,Verdes,FALSO,Regular,Deporte,Caminar,Ternura,Sinceridad,Inteligencia,Romanticismo,,Heterosexual,VERDADERO
110,GARCIA GONZÁLEZ,ABEL,"PIRINEUS , 22",Bogotá ,936571974,,sincer@altecom.es,,Hombre,30/07/1967,Soltero/a,5,VERDADERO,Camarero/a,Licenciado/a,"$1,600,000.00",8500,83,1.89,Pelirrojo,Azules,VERDADERO,Regular,Cine,Deporte,Fortaleza,Ternura,Serenidad,Romanticismo,,Homosexual,VERDADERO
111,ALVAREZ PARCERISA,IRENE,"PROL. JACINT VERDAGUER , 1, 3R., 2A.",Bogotá ,938300036,,sincera@hotmail.com,,Mujer,20/07/1965,Divorciado/a,2,VERDADERO,,EGB,"$3,000,000.00",68000,98,1.66,Otros,Azules,FALSO,Regular,Caminar,Lectura,Inteligencia,Sencillez,Sinceridad,Alegría,Los entierros,Bisexual,FALSO
112,CASAS ANDRÉS,ADRIÀ,"JAUME GALOBART , 14",Bogotá ,936505455,,suau@hotmail.com,,Hombre,01/09/1959,Separado/a,3,FALSO,,Elementales,"$1,300,000.00",,100,1.84,Castaño,Negros,VERDADERO,Regular,TV,Lectura,Ternura,Sencillez,Serenidad,Alegría,,Homosexual,VERDADERO
113,MORALES GESE,JAIRO,"SANT JOAN, EDIFICI D , 3R A",Medellín,936587454,600541125,superman@altecom.es,,Hombre,15/05/1963,Separado/a,2,FALSO,Funcionario/a,Bachillerato,"$1,300,000.00",,85,1.78,Pelirrojo,Negros,FALSO,Fatal,TV,#N/A,Ternura,Romanticismo,Inteligencia,Inteligencia,,No declarada,VERDADERO
114,BARALDÉS MARTORELL,CRISTINA,"VIC , 119, 3R., 2A.",Bogotá ,938725845,,superwoman@wandoo.es,,Mujer,30/10/1963,Soltero/a,3,FALSO,Conductor/a,Diplomado/a,"$1,500,000.00",,101,1.86,Calvo,Azules,FALSO,Excelente,TV,Cine,Alegría,Buen Humor,Buen Humor,Realismo,,Homosexual,VERDADERO
115,AROCA GÓMEZ,DAVID,"CARLES BUÏGAS , 10, 1R., 1A.",Bogotá ,938205730,,tablon@hotmail.com,Mucha discreción,Hombre,23/10/1957,Casado/a,2,FALSO,Recepcionista,EGB,"$900,000.00",,58,1.83,Otros,Negros,FALSO,Buena,Música,Caminar,Alegría,Buen Humor,Realismo,Serenidad,,Homosexual,VERDADERO
116,RUEDA ALVAREZ,ADRIÀ,"JAUME BALMES , 67, 2N.",Barranquilla ,936828258,,tendre@terra.es,,Hombre,25/12/1961,Otros,5,FALSO,,Elementales,"$1,500,000.00",,76,1.71,Pelirrojo,Verdes,FALSO,Buena,Cine,Lectura,Sinceridad,Romanticismo,Inteligencia,Serenidad,,Homosexual,VERDADERO
117,ALVAREZ DOMENECH,LUCIA,"PROL. PADRÓ , 1, 3R., 2A.",Medellín,938300045,,teta@intercom.es,,Mujer,13/11/1968,Casado/a,2,FALSO,Administrativo/a,Elementales,"$400,000.00",,62,1.58,Otros,Otro,VERDADERO,Regular,Deporte,Cine,Romanticismo,Buen Humor,Fortaleza,Sinceridad,,Homosexual,VERDADERO
118,BOIX GONZÁLEZ,CARLA,"DE LA CAÇA , 12, 2N., C",Bogotá ,936521452,624487554,tomasa@hotmail.com,,Mujer,29/05/1963,Casado/a,5,FALSO,,Licenciado/a,"$700,000.00",,49,1.55,Castaño,Marrones,FALSO,Buena,TV,Música,Sinceridad,Alegría,Romanticismo,Sencillez,Los hospitales,No declarada,VERDADERO
119,BARALDÉS MONRÓS,ADRIÀ,"VIC , 119, 2N., 1A.",Pasto ,938725885,,,,Hombre,12/01/1968,Divorciado/a,3,VERDADERO,Funcionario/a,FP,"$110,000.00",90800,62,1.58,Calvo,Marrones,VERDADERO,Regular,Caminar,TV,Alegría,Buen Humor,Inteligencia,Alegría,Los hospitales,Bisexual,VERDADERO
120,AGUILERA MERINO,MARTA,"MORAGUES , 1",Medellín,938208303,621145584,tremenda@altecom.es,,Mujer,27/09/1964,Separado/a,2,FALSO,Comercial,Bachillerato,$0.00,,75,1.77,Pelirrojo,Otro,FALSO,Regular,TV,Música,Serenidad,Alegría,Sinceridad,Sencillez,,Heterosexual,VERDADERO
121,BAREA D'HAENE,MARC,"TRABUCAIRES , 12",Bogotá ,938360213,,tripa@intercom.es,,Hombre,07/05/1958,Casado/a,1,FALSO,Administrativo/a,EGB,"$1,600,000.00",,74,1.58,Pelirrojo,Marrones,FALSO,Fatal,Caminar,Cine,Sinceridad,Serenidad,Sencillez,Buen Humor,,Homosexual,VERDADERO
122,BARROSO D'HAENE,ALEX,"FONERIA , 12",Pasto,938320537,,verruga@hotmail.com,,Hombre,13/09/1961,Divorciado/a,3,FALSO,Administrativo/a,Elementales,"$7,000,000.00",,76,1.65,Calvo,Verdes,FALSO,Buena,TV,Lectura,Alegría,Romanticismo,Sinceridad,Ternura,,Heterosexual,VERDADERO
,,,,,,,,,,,,,,,,,,,,,,,,,,,,,,,,
,,,,,,,,,,,,,,,,,,,,,,,,,,,,,,,,
,,,,,,,,,,,,,,,,,,,,,,,,,,,,,,,,
,,,,,,,,,,,,,,,,,,,,,,,,,,,,,,,,
,,,,,,,,,,,,,,,,,,,,,,,,,,,,,,,,
